,代號,股票名稱,上市日,市場別,產業別
2,1101,台泥,1962-02-09,上市,水泥工業
3,1102,亞泥,1962-06-08,上市,水泥工業
4,1103,嘉泥,1969-11-14,上市,水泥工業
5,1104,環泥,1971-02-01,上市,水泥工業
6,1108,幸福,1990-06-06,上市,水泥工業
7,1109,信大,1991-12-05,上市,水泥工業
8,1110,東泥,1994-10-22,上市,水泥工業
9,1201,味全,1962-02-09,上市,食品工業
10,1203,味王,1964-08-24,上市,食品工業
11,1210,大成,1978-05-20,上市,食品工業
12,1213,大飲,1981-04-10,上市,食品工業
13,1215,卜蜂,1987-07-27,上市,食品工業
14,1216,統一,1987-12-28,上市,食品工業
15,1217,愛之味,1989-10-28,上市,食品工業
16,1218,泰山,1989-11-11,上市,食品工業
17,1219,福壽,1990-12-01,上市,食品工業
18,1220,台榮,1991-11-20,上市,食品工業
19,1225,福懋油,1993-09-27,上市,食品工業
20,1227,佳格,1994-04-09,上市,食品工業
21,1229,聯華,1976-07-19,上市,食品工業
22,1231,聯華食,1995-11-02,上市,食品工業
23,1232,大統益,1996-02-09,上市,食品工業
24,1233,天仁,1999-01-20,上市,食品工業
25,1234,黑松,1999-03-12,上市,食品工業
26,1235,興泰,2000-09-11,上市,食品工業
27,1236,宏亞,2001-09-17,上市,食品工業
28,1256,鮮活果汁-KY,2016-03-17,上市,食品工業
29,1301,台塑,1964-07-27,上市,塑膠工業
30,1303,南亞,1967-11-05,上市,塑膠工業
31,1304,台聚,1972-05-20,上市,塑膠工業
32,1305,華夏,1973-03-05,上市,塑膠工業
33,1307,三芳,1985-11-23,上市,塑膠工業
34,1308,亞聚,1986-06-20,上市,塑膠工業
35,1309,台達化,1986-06-27,上市,塑膠工業
36,1310,台苯,1987-08-06,上市,塑膠工業
37,1312,國喬,1988-12-21,上市,塑膠工業
38,1313,聯成,1989-03-27,上市,塑膠工業
39,1314,中石化,1991-07-12,上市,塑膠工業
40,1315,達新,1992-05-09,上市,塑膠工業
41,1316,上曜,1992-10-15,上市,建材營造業
42,1319,東陽,1994-12-12,上市,汽車工業
43,1321,大洋,1999-01-26,上市,塑膠工業
44,1323,永裕,2000-09-11,上市,塑膠工業
45,1324,地球,2000-09-11,上市,塑膠工業
46,1325,恆大,2000-09-11,上市,塑膠工業
47,1326,台化,1984-12-20,上市,塑膠工業
48,1337,再生-KY,2011-07-01,上市,塑膠工業
49,1338,廣華-KY,2012-12-19,上市,汽車工業
50,1339,昭輝,2012-04-24,上市,汽車工業
51,1340,勝悅-KY,2013-12-06,上市,塑膠工業
52,1341,富林-KY,2018-12-24,上市,塑膠工業
53,1342,八貫,2020-11-24,上市,其他業
54,1402,遠東新,1967-04-14,上市,紡織纖維
55,1409,新纖,1973-08-31,上市,紡織纖維
56,1410,南染,1973-10-18,上市,紡織纖維
57,1413,宏洲,1975-12-23,上市,紡織纖維
58,1414,東和,1976-02-02,上市,紡織纖維
59,1416,廣豐,1976-04-20,上市,其他業
60,1417,嘉裕,1976-12-28,上市,紡織纖維
61,1418,東華,1977-02-14,上市,紡織纖維
62,1419,新紡,1977-03-14,上市,紡織纖維
63,1423,利華,1979-04-02,上市,紡織纖維
64,1432,大魯閣,1982-07-26,上市,運動休閒
65,1434,福懋,1985-12-24,上市,紡織纖維
66,1435,中福,1987-12-28,上市,其他業
67,1436,華友聯,1988-04-11,上市,建材營造業
68,1437,勤益控,1988-11-10,上市,其他業
69,1438,三地開發,1988-12-15,上市,建材營造業
70,1439,雋揚,1989-05-22,上市,建材營造業
71,1440,南紡,1989-10-03,上市,紡織纖維
72,1441,大東,1989-10-27,上市,紡織纖維
73,1442,名軒,1989-11-16,上市,建材營造業
74,1443,立益物流,1990-04-21,上市,其他業
75,1444,力麗,1990-08-08,上市,紡織纖維
76,1445,大宇,1991-02-05,上市,紡織纖維
77,1446,宏和,1991-10-15,上市,紡織纖維
78,1447,力鵬,1992-01-28,上市,紡織纖維
79,1449,佳和,1992-03-12,上市,紡織纖維
80,1451,年興,1992-12-21,上市,紡織纖維
81,1452,宏益,1992-12-28,上市,紡織纖維
82,1453,大將,1993-04-19,上市,建材營造業
83,1454,台富,1993-05-07,上市,紡織纖維
84,1455,集盛,1993-10-07,上市,紡織纖維
85,1456,怡華,1993-12-09,上市,建材營造業
86,1457,宜進,1994-10-20,上市,紡織纖維
87,1459,聯發,1994-10-26,上市,紡織纖維
88,1460,宏遠,1995-04-28,上市,紡織纖維
89,1463,強盛,1996-12-05,上市,紡織纖維
90,1464,得力,1997-01-18,上市,紡織纖維
91,1465,偉全,1997-09-08,上市,紡織纖維
92,1466,聚隆,1998-04-04,上市,紡織纖維
93,1467,南緯,1998-12-21,上市,紡織纖維
94,1468,昶和,1999-01-21,上市,紡織纖維
95,1470,大統新創,1999-05-21,上市,紡織纖維
96,1471,首利,2000-03-06,上市,電子零組件業
97,1472,三洋實業,2000-09-11,上市,建材營造業
98,1473,台南,2000-09-11,上市,紡織纖維
99,1474,弘裕,2000-10-31,上市,紡織纖維
100,1475,業旺,2000-10-27,上市,紡織纖維
101,1476,儒鴻,2001-04-18,上市,紡織纖維
102,1477,聚陽,2003-01-21,上市,紡織纖維
103,1503,士電,1969-12-15,上市,電機機械
104,1504,東元,1973-11-05,上市,電機機械
105,1506,正道,1980-08-11,上市,電機機械
106,1512,瑞利,1994-01-28,上市,汽車工業
107,1513,中興電,1994-03-08,上市,電機機械
108,1514,亞力,1994-03-26,上市,電機機械
109,1515,力山,1995-02-04,上市,電機機械
110,1516,川飛,1995-04-01,上市,其他業
111,1517,利奇,1995-11-14,上市,電機機械
112,1519,華城,1997-04-16,上市,電機機械
113,1521,大億,1997-10-06,上市,汽車工業
114,1522,堤維西,1997-10-06,上市,汽車工業
115,1524,耿鼎,1998-10-30,上市,汽車工業
116,1525,江申,1999-05-15,上市,汽車工業
117,1526,日馳,2000-03-27,上市,電機機械
118,1527,鑽全,2000-06-21,上市,電機機械
119,1528,恩德,2000-09-11,上市,電機機械
120,1529,樂事綠能,2000-09-11,上市,電機機械
121,1530,亞崴,2000-09-11,上市,電機機械
122,1531,高林股,2000-09-11,上市,電機機械
123,1532,勤美,2000-09-11,上市,電機機械
124,1533,車王電,2001-04-06,上市,汽車工業
125,1535,中宇,2001-09-17,上市,電機機械
126,1536,和大,2001-09-17,上市,汽車工業
127,1537,廣隆,2002-01-22,上市,電機機械
128,1538,正峰,2002-08-26,上市,電機機械
129,1539,巨庭,2002-10-29,上市,電機機械
130,1540,喬福,2002-08-26,上市,電機機械
131,1541,錩泰,2003-03-19,上市,電機機械
132,1558,伸興,2014-12-23,上市,電機機械
133,1560,中砂,2005-01-31,上市,電機機械
134,1568,倉佑,2014-05-14,上市,汽車工業
135,1582,信錦,2009-12-17,上市,電子零組件業
136,1583,程泰,2008-01-24,上市,電機機械
137,1587,吉茂,2018-04-16,上市,汽車工業
138,1589,永冠-KY,2012-04-27,上市,電機機械
139,1590,亞德客-KY,2010-12-13,上市,電機機械
140,1597,直得,2020-12-23,上市,電機機械
141,1598,岱宇,2016-09-20,上市,運動休閒
142,1603,華電,1968-06-03,上市,電器電纜
143,1604,聲寶,1970-12-14,上市,電器電纜
144,1605,華新,1972-11-03,上市,電器電纜
145,1608,華榮,1988-07-11,上市,電器電纜
146,1609,大亞,1988-12-12,上市,電器電纜
147,1611,中電,1990-01-16,上市,電器電纜
148,1612,宏泰,1993-05-08,上市,電器電纜
149,1614,三洋電,1997-09-18,上市,電器電纜
150,1615,大山,2000-03-30,上市,電器電纜
151,1616,億泰,2000-09-11,上市,電器電纜
152,1617,榮星,2000-09-11,上市,電器電纜
153,1618,合機,2000-09-11,上市,電器電纜
154,1626,艾美特-KY,2013-03-21,上市,電器電纜
155,1701,中化,1962-02-09,上市,生技醫療業
156,1702,南僑,1973-05-30,上市,食品工業
157,1707,葡萄王,1982-12-20,上市,生技醫療業
158,1708,東鹼,1986-06-16,上市,化學工業
159,1709,和益,1986-07-03,上市,化學工業
160,1710,東聯,1987-10-21,上市,化學工業
161,1711,永光,1988-12-27,上市,化學工業
162,1712,興農,1989-12-14,上市,化學工業
163,1713,國化,1990-01-31,上市,化學工業
164,1714,和桐,1991-08-30,上市,化學工業
165,1717,長興,1994-03-31,上市,化學工業
166,1718,中纖,1963-12-02,上市,化學工業
167,1720,生達,1995-12-12,上市,生技醫療業
168,1721,三晃,1996-05-16,上市,化學工業
169,1722,台肥,1998-03-24,上市,化學工業
170,1723,中碳,1998-11-27,上市,化學工業
171,1725,元禎,2000-09-11,上市,化學工業
172,1726,永記,2000-09-11,上市,化學工業
173,1727,中華化,2000-09-11,上市,化學工業
174,1730,花仙子,2001-09-17,上市,化學工業
175,1731,美吾華,2001-09-17,上市,生技醫療業
176,1732,毛寶,2001-09-17,上市,化學工業
177,1733,五鼎,2001-09-17,上市,生技醫療業
178,1734,杏輝,2002-08-26,上市,生技醫療業
179,1735,日勝化,2002-08-26,上市,化學工業
180,1736,喬山,2003-01-09,上市,運動休閒
181,1737,臺鹽,2003-11-18,上市,食品工業
182,1752,南光,2022-01-19,上市,生技醫療業
183,1760,寶齡富錦,2018-01-23,上市,生技醫療業
184,1762,中化生,2010-12-20,上市,生技醫療業
185,1773,勝一,2009-02-27,上市,化學工業
186,1776,展宇,2016-05-09,上市,化學工業
187,1783,和康生,2013-12-20,上市,生技醫療業
188,1786,科妍,2013-11-12,上市,生技醫療業
189,1789,神隆,2011-09-29,上市,生技醫療業
190,1795,美時,2019-12-16,上市,生技醫療業
191,1802,台玻,1973-07-20,上市,玻璃陶瓷
192,1805,寶徠,1989-10-20,上市,建材營造業
193,1806,冠軍,1992-09-29,上市,玻璃陶瓷
194,1808,潤隆,1994-10-26,上市,建材營造業
195,1809,中釉,1996-04-30,上市,玻璃陶瓷
196,1810,和成,1991-10-14,上市,玻璃陶瓷
197,1817,凱撒衛,2013-10-24,上市,玻璃陶瓷
198,1903,士紙,1963-12-09,上市,造紙工業
199,1904,正隆,1971-09-10,上市,造紙工業
200,1905,華紙,1975-02-07,上市,造紙工業
201,1906,寶隆,1976-04-26,上市,造紙工業
202,1907,永豐餘,1977-02-22,上市,造紙工業
203,1909,榮成,1985-11-19,上市,造紙工業
204,2002,中鋼,1974-12-26,上市,鋼鐵工業
205,2006,東和鋼鐵,1988-07-13,上市,鋼鐵工業
206,2007,燁興,1988-10-04,上市,鋼鐵工業
207,2008,高興昌,1988-12-28,上市,鋼鐵工業
208,2009,第一銅,1989-10-20,上市,鋼鐵工業
209,2010,春源,1989-12-22,上市,鋼鐵工業
210,2012,春雨,1991-10-17,上市,鋼鐵工業
211,2013,中鋼構,1992-01-21,上市,鋼鐵工業
212,2014,中鴻,1992-02-20,上市,鋼鐵工業
213,2015,豐興,1992-05-25,上市,鋼鐵工業
214,2017,官田鋼,1992-11-02,上市,鋼鐵工業
215,2020,美亞,1993-04-27,上市,鋼鐵工業
216,2022,聚亨,1995-03-27,上市,鋼鐵工業
217,2023,燁輝,1995-07-28,上市,鋼鐵工業
218,2024,志聯,1995-12-30,上市,鋼鐵工業
219,2025,千興,1996-02-08,上市,鋼鐵工業
220,2027,大成鋼,1996-10-24,上市,鋼鐵工業
221,2028,威致,1996-12-13,上市,鋼鐵工業
222,2029,盛餘,1997-01-11,上市,鋼鐵工業
223,2030,彰源,1998-12-24,上市,鋼鐵工業
224,2031,新光鋼,2000-09-11,上市,鋼鐵工業
225,2032,新鋼,2000-09-11,上市,鋼鐵工業
226,2033,佳大,2000-09-11,上市,鋼鐵工業
227,2034,允強,2001-09-17,上市,鋼鐵工業
228,2038,海光,2008-12-30,上市,鋼鐵工業
229,2049,上銀,2009-06-26,上市,電機機械
230,2059,川湖,2008-06-25,上市,電子零組件業
231,2062,橋椿,2007-11-16,上市,居家生活
232,2069,運錩,2016-03-22,上市,鋼鐵工業
233,2101,南港,1963-11-01,上市,橡膠工業
234,2102,泰豐,1979-07-16,上市,橡膠工業
235,2103,台橡,1982-09-25,上市,橡膠工業
236,2104,國際中橡,1986-07-15,上市,橡膠工業
237,2105,正新,1987-12-07,上市,橡膠工業
238,2106,建大,1990-12-20,上市,橡膠工業
239,2107,厚生,1992-03-03,上市,橡膠工業
240,2108,南帝,1992-10-27,上市,橡膠工業
241,2109,華豐,2000-05-08,上市,橡膠工業
242,2114,鑫永銓,2010-12-29,上市,橡膠工業
243,2115,六暉-KY,2013-12-25,上市,汽車工業
244,2201,裕隆,1976-07-08,上市,汽車工業
245,2204,中華,1991-03-12,上市,汽車工業
246,2206,三陽工業,1996-07-29,上市,汽車工業
247,2207,和泰車,1997-02-25,上市,汽車工業
248,2208,台船,2008-12-22,上市,航運業
249,2211,長榮鋼,2021-04-12,上市,鋼鐵工業
250,2227,裕日車,2004-12-21,上市,汽車工業
251,2228,劍麟,2013-11-25,上市,汽車工業
252,2231,為升,2010-11-19,上市,汽車工業
253,2233,宇隆,2019-09-17,上市,汽車工業
254,2236,百達-KY,2015-06-03,上市,汽車工業
255,2239,英利-KY,2016-01-27,上市,汽車工業
256,2241,艾姆勒,2020-08-26,上市,汽車工業
257,2243,宏旭-KY,2017-09-27,上市,汽車工業
258,2247,汎德永業,2020-10-12,上市,汽車工業
259,2250,IKKA-KY,2021-05-31,上市,汽車工業
260,2301,光寶科,1995-11-17,上市,電腦及週邊設備業
261,2302,麗正,1985-01-15,上市,半導體業
262,2303,聯電,1985-07-16,上市,半導體業
263,2305,全友,1988-10-21,上市,電腦及週邊設備業
264,2308,台達電,1988-12-19,上市,電子零組件業
265,2312,金寶,1989-11-07,上市,其他電子業
266,2313,華通,1990-07-24,上市,電子零組件業
267,2314,台揚,1990-08-08,上市,通信網路業
268,2316,楠梓電,1991-02-05,上市,電子零組件業
269,2317,鴻海,1991-06-18,上市,其他電子業
270,2321,東訊,1991-11-08,上市,通信網路業
271,2323,中環,1992-02-17,上市,光電業
272,2324,仁寶,1992-02-18,上市,電腦及週邊設備業
273,2327,國巨,1993-10-22,上市,電子零組件業
274,2328,廣宇,1993-11-09,上市,電子零組件業
275,2329,華泰,1994-04-20,上市,半導體業
276,2330,台積電,1994-09-05,上市,半導體業
277,2331,精英,1994-09-21,上市,電腦及週邊設備業
278,2332,友訊,1994-10-17,上市,通信網路業
279,2337,旺宏,1995-03-15,上市,半導體業
280,2338,光罩,1995-04-17,上市,半導體業
281,2340,台亞,1995-05-02,上市,半導體業
282,2342,茂矽,1995-09-19,上市,半導體業
283,2344,華邦電,1995-10-18,上市,半導體業
284,2345,智邦,1995-11-15,上市,通信網路業
285,2347,聯強,1995-12-13,上市,電子通路業
286,2348,海悅,1996-01-05,上市,其他業
287,2349,錸德,1996-04-23,上市,光電業
288,2351,順德,1996-04-25,上市,半導體業
289,2352,佳世達,1996-07-22,上市,電腦及週邊設備業
290,2353,宏碁,1996-09-18,上市,電腦及週邊設備業
291,2354,鴻準,1996-10-08,上市,其他電子業
292,2355,敬鵬,1996-10-14,上市,電子零組件業
293,2356,英業達,1996-11-13,上市,電腦及週邊設備業
294,2357,華碩,1996-11-14,上市,電腦及週邊設備業
295,2358,廷鑫,1996-12-18,上市,其他業
296,2359,所羅門,1996-12-19,上市,其他電子業
297,2360,致茂,1996-12-21,上市,其他電子業
298,2362,藍天,1997-04-02,上市,電腦及週邊設備業
299,2363,矽統,1997-08-01,上市,半導體業
300,2364,倫飛,1997-08-11,上市,電腦及週邊設備業
301,2365,昆盈,1997-11-03,上市,電腦及週邊設備業
302,2367,燿華,1997-12-13,上市,電子零組件業
303,2368,金像電,1998-03-09,上市,電子零組件業
304,2369,菱生,1998-04-10,上市,半導體業
305,2371,大同,1962-02-09,上市,電機機械
306,2373,震旦行,1991-08-01,上市,其他電子業
307,2374,佳能,1995-01-16,上市,光電業
308,2375,凱美,1998-08-29,上市,電子零組件業
309,2376,技嘉,1998-09-24,上市,電腦及週邊設備業
310,2377,微星,1998-10-31,上市,電腦及週邊設備業
311,2379,瑞昱,1998-10-26,上市,半導體業
312,2380,虹光,1998-12-03,上市,電腦及週邊設備業
313,2382,廣達,1999-01-08,上市,電腦及週邊設備業
314,2383,台光電,1998-11-27,上市,電子零組件業
315,2385,群光,1999-01-05,上市,電子零組件業
316,2387,精元,1999-01-25,上市,電腦及週邊設備業
317,2388,威盛,1999-03-05,上市,半導體業
318,2390,云辰,1999-06-15,上市,其他電子業
319,2392,正崴,1999-09-20,上市,電子零組件業
320,2393,億光,1999-11-04,上市,光電業
321,2395,研華,1999-12-13,上市,電腦及週邊設備業
322,2397,友通,2000-01-15,上市,電腦及週邊設備業
323,2399,映泰,1999-12-16,上市,電腦及週邊設備業
324,2401,凌陽,2000-01-27,上市,半導體業
325,2402,毅嘉,2000-01-14,上市,電子零組件業
326,2404,漢唐,2000-03-14,上市,其他電子業
327,2405,輔信,2000-03-17,上市,電腦及週邊設備業
328,2406,國碩,2000-04-29,上市,光電業
329,2408,南亞科,2000-08-17,上市,半導體業
330,2409,友達,2000-09-08,上市,光電業
331,2412,中華電,2000-10-27,上市,通信網路業
332,2413,環科,2000-09-11,上市,電子零組件業
333,2414,精技,2000-09-11,上市,電子通路業
334,2415,錩新,2000-09-11,上市,電子零組件業
335,2417,圓剛,2000-09-11,上市,電腦及週邊設備業
336,2419,仲琦,2000-09-11,上市,通信網路業
337,2420,新巨,2000-09-11,上市,電子零組件業
338,2421,建準,2000-09-11,上市,電子零組件業
339,2423,固緯,2000-09-11,上市,其他電子業
340,2424,隴華,2000-09-11,上市,通信網路業
341,2425,承啟,2000-09-11,上市,電腦及週邊設備業
342,2426,鼎元,2000-09-11,上市,光電業
343,2427,三商電,2000-09-11,上市,資訊服務業
344,2428,興勤,2000-09-11,上市,電子零組件業
345,2429,銘旺科,2000-09-11,上市,光電業
346,2430,燦坤,2000-09-11,上市,電子通路業
347,2431,聯昌,2000-09-11,上市,電子零組件業
348,2433,互盛電,2000-09-11,上市,其他電子業
349,2434,統懋,2000-09-11,上市,半導體業
350,2436,偉詮電,2000-09-11,上市,半導體業
351,2438,翔耀,2000-09-11,上市,光電業
352,2439,美律,2000-09-11,上市,通信網路業
353,2440,太空梭,2000-11-10,上市,電子零組件業
354,2441,超豐,2000-10-26,上市,半導體業
355,2442,新美齊,2000-11-22,上市,建材營造業
356,2443,昶虹,2001-01-03,上市,其他業
357,2444,兆勁,2000-12-08,上市,通信網路業
358,2449,京元電子,2001-05-09,上市,半導體業
359,2450,神腦,2001-05-24,上市,通信網路業
360,2451,創見,2001-05-03,上市,半導體業
361,2453,凌群,2001-05-22,上市,資訊服務業
362,2454,聯發科,2001-07-23,上市,半導體業
363,2455,全新,2002-01-24,上市,通信網路業
364,2457,飛宏,2001-09-17,上市,電子零組件業
365,2458,義隆,2001-09-17,上市,半導體業
366,2459,敦吉,2001-09-17,上市,其他電子業
367,2460,建通,2001-09-17,上市,電子零組件業
368,2461,光群雷,2001-09-17,上市,其他電子業
369,2462,良得電,2001-09-17,上市,電子零組件業
370,2464,盟立,2001-09-17,上市,其他電子業
371,2465,麗臺,2001-09-19,上市,電腦及週邊設備業
372,2466,冠西電,2001-09-17,上市,光電業
373,2467,志聖,2001-09-17,上市,電子零組件業
374,2468,華經,2001-09-17,上市,資訊服務業
375,2471,資通,2001-09-17,上市,資訊服務業
376,2472,立隆電,2001-09-17,上市,電子零組件業
377,2474,可成,2001-09-17,上市,其他電子業
378,2476,鉅祥,2001-09-17,上市,電子零組件業
379,2477,美隆電,2001-09-17,上市,其他電子業
380,2478,大毅,2001-09-17,上市,電子零組件業
381,2480,敦陽科,2001-09-17,上市,資訊服務業
382,2481,強茂,2001-09-17,上市,半導體業
383,2482,連宇,2001-09-17,上市,其他電子業
384,2483,百容,2001-09-17,上市,電子零組件業
385,2484,希華,2001-09-17,上市,電子零組件業
386,2485,兆赫,2001-09-17,上市,通信網路業
387,2486,一詮,2001-09-19,上市,光電業
388,2488,漢平,2001-09-17,上市,其他電子業
389,2489,瑞軒,2001-09-17,上市,光電業
390,2491,吉祥全,2001-09-17,上市,光電業
391,2492,華新科,2001-09-17,上市,電子零組件業
392,2493,揚博,2002-01-23,上市,電子零組件業
393,2495,普安,2002-03-25,上市,電腦及週邊設備業
394,2496,卓越,2002-03-08,上市,其他業
395,2497,怡利電,2002-02-04,上市,汽車工業
396,2498,宏達電,2002-03-26,上市,通信網路業
397,2501,國建,1967-10-28,上市,建材營造業
398,2504,國產,1978-03-14,上市,建材營造業
399,2505,國揚,1979-11-14,上市,建材營造業
400,2506,太設,1980-02-02,上市,建材營造業
401,2509,全坤建,1988-05-20,上市,建材營造業
402,2511,太子,1991-04-24,上市,建材營造業
403,2514,龍邦,1992-09-26,上市,其他業
404,2515,中工,1993-03-02,上市,建材營造業
405,2516,新建,1993-05-25,上市,建材營造業
406,2520,冠德,1993-10-27,上市,建材營造業
407,2524,京城,1994-10-18,上市,建材營造業
408,2527,宏璟,1995-03-06,上市,建材營造業
409,2528,皇普,1995-03-10,上市,建材營造業
410,2530,華建,1995-10-12,上市,建材營造業
411,2534,宏盛,1996-02-12,上市,建材營造業
412,2535,達欣工,1996-03-11,上市,建材營造業
413,2536,宏普,1996-03-14,上市,建材營造業
414,2537,聯上發,1996-09-06,上市,建材營造業
415,2538,基泰,1996-11-01,上市,建材營造業
416,2539,櫻花建,1997-07-16,上市,建材營造業
417,2540,愛山林,1989-12-26,上市,建材營造業
418,2542,興富發,1999-05-03,上市,建材營造業
419,2543,皇昌,1999-10-15,上市,建材營造業
420,2545,皇翔,2000-09-11,上市,建材營造業
421,2546,根基,2000-09-11,上市,建材營造業
422,2547,日勝生,2000-12-22,上市,建材營造業
423,2548,華固,2002-08-26,上市,建材營造業
424,2597,潤弘,2010-03-26,上市,建材營造業
425,2601,益航,1965-11-04,上市,貿易百貨業
426,2603,長榮,1987-09-21,上市,航運業
427,2605,新興,1989-12-08,上市,航運業
428,2606,裕民,1990-12-08,上市,航運業
429,2607,榮運,1990-12-14,上市,航運業
430,2608,嘉里大榮,1990-12-20,上市,航運業
431,2609,陽明,1992-04-20,上市,航運業
432,2610,華航,1993-02-26,上市,航運業
433,2611,志信,1993-10-28,上市,航運業
434,2612,中航,1994-10-20,上市,航運業
435,2613,中櫃,1995-01-20,上市,航運業
436,2614,東森,1995-09-23,上市,其他業
437,2615,萬海,1996-05-16,上市,航運業
438,2616,山隆,1997-11-08,上市,油電燃氣業
439,2617,台航,1998-06-24,上市,航運業
440,2618,長榮航,2001-09-17,上市,航運業
441,2630,亞航,2018-02-22,上市,航運業
442,2633,台灣高鐵,2016-10-27,上市,航運業
443,2634,漢翔,2014-08-25,上市,航運業
444,2636,台驊投控,2016-12-22,上市,航運業
445,2637,慧洋-KY,2010-12-01,上市,航運業
446,2642,宅配通,2013-12-12,上市,航運業
447,2645,長榮航太,2023-03-14,上市,航運業
448,2701,萬企,1965-03-22,上市,觀光餐旅
449,2702,華園,1965-02-14,上市,觀光餐旅
450,2704,國賓,1982-11-10,上市,觀光餐旅
451,2705,六福,1988-12-24,上市,觀光餐旅
452,2706,第一店,1991-06-25,上市,觀光餐旅
453,2707,晶華,1998-03-09,上市,觀光餐旅
454,2712,遠雄來,2013-12-03,上市,觀光餐旅
455,2722,夏都,2012-03-14,上市,觀光餐旅
456,2723,美食-KY,2010-11-22,上市,觀光餐旅
457,2727,王品,2012-03-06,上市,觀光餐旅
458,2731,雄獅,2013-09-24,上市,觀光餐旅
459,2739,寒舍,2016-05-19,上市,觀光餐旅
460,2748,雲品,2016-11-23,上市,觀光餐旅
461,2753,八方雲集,2021-09-09,上市,觀光餐旅
462,2762,世界健身-KY,2024-01-24,上市,運動休閒
463,2801,彰銀,1962-02-15,上市,金融保險業
464,2809,京城銀,1983-07-20,上市,金融保險業
465,2812,台中銀,1984-05-15,上市,金融保險業
466,2816,旺旺保,1992-05-05,上市,金融保險業
467,2820,華票,1994-10-26,上市,金融保險業
468,2832,台產,1997-09-30,上市,金融保險業
469,2834,臺企銀,1998-01-03,上市,金融保險業
470,2836,高雄銀,1998-05-18,上市,金融保險業
471,2838,聯邦銀,1998-06-29,上市,金融保險業
472,2845,遠東銀,1998-11-27,上市,金融保險業
473,2849,安泰銀,1999-09-27,上市,金融保險業
474,2850,新產,2000-05-22,上市,金融保險業
475,2851,中再保,2000-07-06,上市,金融保險業
476,2852,第一保,2000-11-28,上市,金融保險業
477,2855,統一證,2002-09-16,上市,金融保險業
478,2867,三商壽,2012-12-18,上市,金融保險業
479,2880,華南金,2001-12-19,上市,金融保險業
480,2881,富邦金,2001-12-19,上市,金融保險業
481,2882,國泰金,2001-12-31,上市,金融保險業
482,2883,開發金,2001-12-28,上市,金融保險業
483,2884,玉山金,2002-01-28,上市,金融保險業
484,2885,元大金,2002-02-04,上市,金融保險業
485,2886,兆豐金,2002-02-04,上市,金融保險業
486,2887,台新金,2002-02-18,上市,金融保險業
487,2888,新光金,2002-02-19,上市,金融保險業
488,2889,國票金,2002-03-26,上市,金融保險業
489,2890,永豐金,2002-05-09,上市,金融保險業
490,2891,中信金,2002-05-17,上市,金融保險業
491,2892,第一金,2003-01-02,上市,金融保險業
492,2897,王道銀行,2017-05-05,上市,金融保險業
493,2901,欣欣,1976-05-07,上市,貿易百貨業
494,2903,遠百,1978-10-11,上市,貿易百貨業
495,2904,匯僑,1983-01-05,上市,其他業
496,2905,三商,1988-09-19,上市,貿易百貨業
497,2906,高林,1989-12-26,上市,貿易百貨業
498,2908,特力,1993-02-18,上市,貿易百貨業
499,2910,統領,1996-12-30,上市,貿易百貨業
500,2911,麗嬰房,1997-01-18,上市,貿易百貨業
501,2912,統一超,1997-08-22,上市,貿易百貨業
502,2913,農林,1962-02-09,上市,貿易百貨業
503,2915,潤泰全,1977-07-20,上市,貿易百貨業
504,2923,鼎固-KY,2012-12-07,上市,建材營造業
505,2929,淘帝-KY,2013-12-30,上市,貿易百貨業
506,2939,凱羿-KY,2018-01-11,上市,貿易百貨業
507,2945,三商家購,2021-11-30,上市,貿易百貨業
508,3002,歐格,2002-01-23,上市,電腦及週邊設備業
509,3003,健和興,2002-02-19,上市,電子零組件業
510,3004,豐達科,2002-02-25,上市,鋼鐵工業
511,3005,神基,2002-02-25,上市,電腦及週邊設備業
512,3006,晶豪科,2002-03-04,上市,半導體業
513,3008,大立光,2002-03-11,上市,光電業
514,3010,華立,2002-07-22,上市,電子通路業
515,3011,今皓,2002-07-22,上市,電子零組件業
516,3013,晟銘電,2002-09-16,上市,電腦及週邊設備業
517,3014,聯陽,2002-10-29,上市,半導體業
518,3015,全漢,2002-10-16,上市,電子零組件業
519,3016,嘉晶,2002-12-24,上市,半導體業
520,3017,奇鋐,2002-09-27,上市,電腦及週邊設備業
521,3018,隆銘綠能,2002-08-26,上市,其他電子業
522,3019,亞光,2002-08-26,上市,光電業
523,3021,鴻名,2002-08-26,上市,電子零組件業
524,3022,威強電,2002-08-26,上市,電腦及週邊設備業
525,3023,信邦,2002-08-26,上市,電子零組件業
526,3024,憶聲,2002-08-26,上市,光電業
527,3025,星通,2002-08-26,上市,通信網路業
528,3026,禾伸堂,2002-08-26,上市,電子零組件業
529,3027,盛達,2002-08-26,上市,通信網路業
530,3028,增你強,2002-08-26,上市,電子通路業
531,3029,零壹,2002-08-26,上市,資訊服務業
532,3030,德律,2002-10-29,上市,其他電子業
533,3031,佰鴻,2002-08-26,上市,光電業
534,3032,偉訓,2002-08-26,上市,電子零組件業
535,3033,威健,2002-08-26,上市,電子通路業
536,3034,聯詠,2002-08-26,上市,半導體業
537,3035,智原,2002-08-26,上市,半導體業
538,3036,文曄,2002-08-26,上市,電子通路業
539,3037,欣興,2002-08-26,上市,電子零組件業
540,3038,全台,2002-08-26,上市,光電業
541,3040,遠見,2002-08-26,上市,其他業
542,3041,揚智,2002-08-26,上市,半導體業
543,3042,晶技,2002-08-26,上市,電子零組件業
544,3043,科風,2002-08-26,上市,其他電子業
545,3044,健鼎,2002-08-26,上市,電子零組件業
546,3045,台灣大,2002-08-26,上市,通信網路業
547,3046,建碁,2002-08-26,上市,電腦及週邊設備業
548,3047,訊舟,2002-08-26,上市,通信網路業
549,3048,益登,2002-10-01,上市,電子通路業
550,3049,精金,2002-09-27,上市,光電業
551,3050,鈺德,2002-10-29,上市,光電業
552,3051,力特,2002-10-28,上市,光電業
553,3052,夆典,1995-11-25,上市,建材營造業
554,3054,立萬利,2002-11-18,上市,食品工業
555,3055,蔚華科,2002-12-12,上市,電子通路業
556,3056,富華新,2003-03-03,上市,建材營造業
557,3057,喬鼎,2002-12-18,上市,電腦及週邊設備業
558,3058,立德,2002-12-09,上市,電子零組件業
559,3059,華晶科,2002-12-24,上市,光電業
560,3060,銘異,2003-04-21,上市,電腦及週邊設備業
561,3062,建漢,2003-07-28,上市,通信網路業
562,3090,日電貿,2007-12-31,上市,電子零組件業
563,3092,鴻碩,2021-05-13,上市,電子零組件業
564,3094,聯傑,2007-08-06,上市,半導體業
565,3130,一零四,2006-02-17,上市,數位雲端
566,3138,耀登,2020-12-11,上市,通信網路業
567,3149,正達,2011-11-23,上市,光電業
568,3164,景岳,2010-03-22,上市,生技醫療業
569,3167,大量,2013-10-21,上市,電機機械
570,3168,眾福科,2024-03-26,上市,光電業
571,3189,景碩,2004-11-01,上市,半導體業
572,3209,全科,2008-11-26,上市,電子通路業
573,3229,晟鈦,2009-12-31,上市,電子零組件業
574,3231,緯創,2003-08-19,上市,電腦及週邊設備業
575,3257,虹冠電,2011-03-21,上市,半導體業
576,3266,昇陽,2014-12-24,上市,建材營造業
577,3296,勝德,2007-12-31,上市,電子零組件業
578,3305,昇貿,2008-07-10,上市,其他電子業
579,3308,聯德,2008-03-12,上市,電子零組件業
580,3311,閎暉,2004-03-08,上市,通信網路業
581,3312,弘憶股,2010-12-29,上市,電子通路業
582,3321,同泰,2015-12-15,上市,電子零組件業
583,3338,泰碩,2013-12-13,上市,電子零組件業
584,3346,麗清,2016-12-19,上市,汽車工業
585,3356,奇偶,2005-03-28,上市,光電業
586,3376,新日興,2007-12-31,上市,電子零組件業
587,3380,明泰,2004-12-20,上市,通信網路業
588,3406,玉晶光,2005-12-20,上市,光電業
589,3413,京鼎,2015-07-28,上市,半導體業
590,3416,融程電,2015-01-23,上市,電腦及週邊設備業
591,3419,譁裕,2008-01-21,上市,通信網路業
592,3432,台端,2010-12-30,上市,電子零組件業
593,3437,榮創,2014-07-09,上市,光電業
594,3443,創意,2006-11-03,上市,半導體業
595,3447,展達,2022-12-15,上市,通信網路業
596,3450,聯鈞,2006-04-12,上市,半導體業
597,3454,晶睿,2011-07-22,上市,光電業
598,3481,群創,2006-10-24,上市,光電業
599,3494,誠研,2007-12-13,上市,電腦及週邊設備業
600,3501,維熹,2007-09-20,上市,電子零組件業
601,3504,揚明光,2007-01-26,上市,光電業
602,3515,華擎,2007-11-08,上市,電腦及週邊設備業
603,3518,柏騰,2007-11-28,上市,其他電子業
604,3528,安馳,2016-05-18,上市,電子通路業
605,3530,晶相光,2018-07-16,上市,半導體業
606,3532,台勝科,2007-12-10,上市,半導體業
607,3533,嘉澤,2007-12-10,上市,電子零組件業
608,3535,晶彩科,2008-01-31,上市,光電業
609,3543,州巧,2020-04-15,上市,光電業
610,3545,敦泰,2007-07-03,上市,半導體業
611,3550,聯穎,2010-11-10,上市,電子零組件業
612,3557,嘉威,2008-02-27,上市,居家生活
613,3563,牧德,2019-04-02,上市,光電業
614,3576,聯合再生,2009-01-12,上市,光電業
615,3583,辛耘,2013-03-12,上市,半導體業
616,3588,通嘉,2009-08-14,上市,半導體業
617,3591,艾笛森,2010-11-12,上市,光電業
618,3592,瑞鼎,2022-01-07,上市,半導體業
619,3593,力銘,2009-03-16,上市,電子零組件業
620,3596,智易,2009-03-11,上市,通信網路業
621,3605,宏致,2009-03-26,上市,電子零組件業
622,3607,谷崧,2009-10-28,上市,電子零組件業
623,3617,碩天,2009-12-23,上市,其他電子業
624,3622,洋華,2009-03-25,上市,光電業
625,3645,達邁,2011-10-05,上市,電子零組件業
626,3652,精聯,2022-09-21,上市,電腦及週邊設備業
627,3653,健策,2009-11-18,上市,電子零組件業
628,3661,世芯-KY,2014-10-28,上市,半導體業
629,3665,貿聯-KY,2011-04-21,上市,其他電子業
630,3669,圓展,2011-08-25,上市,通信網路業
631,3673,TPK-KY,2010-10-29,上市,光電業
632,3679,新至陞,2011-10-05,上市,電子零組件業
633,3686,達能,2010-07-20,上市,半導體業
634,3694,海華,2011-05-03,上市,通信網路業
635,3701,大眾控,2004-08-30,上市,電腦及週邊設備業
636,3702,大聯大,2005-11-09,上市,電子通路業
637,3703,欣陸,2010-04-08,上市,建材營造業
638,3704,合勤控,2010-08-16,上市,通信網路業
639,3705,永信,2011-01-03,上市,生技醫療業
640,3706,神達,2013-09-12,上市,電腦及週邊設備業
641,3708,上緯投控,2016-08-31,上市,綠能環保
642,3711,日月光投控,2018-04-30,上市,半導體業
643,3712,永崴投控,2018-10-01,上市,電腦及週邊設備業
644,3714,富采,2021-01-06,上市,光電業
645,3715,定穎投控,2022-08-25,上市,電子零組件業
646,4104,佳醫,2007-12-31,上市,生技醫療業
647,4106,雃博,2004-11-08,上市,生技醫療業
648,4108,懷特,2008-07-16,上市,生技醫療業
649,4119,旭富,2004-01-07,上市,生技醫療業
650,4133,亞諾法,2009-12-28,上市,生技醫療業
651,4137,麗豐-KY,2013-11-27,上市,生技醫療業
652,4142,國光生,2012-05-03,上市,生技醫療業
653,4148,全宇生技-KY,2017-06-08,上市,生技醫療業
654,4155,訊映,2017-12-05,上市,生技醫療業
655,4164,承業醫,2012-10-24,上市,生技醫療業
656,4190,佐登-KY,2015-10-21,上市,生技醫療業
657,4306,炎洲,2008-01-21,上市,塑膠工業
658,4414,如興,2004-09-06,上市,紡織纖維
659,4426,利勤,2011-12-16,上市,紡織纖維
660,4438,廣越,2016-10-18,上市,紡織纖維
661,4439,冠星-KY,2019-12-05,上市,紡織纖維
662,4440,宜新實業,2021-10-25,上市,紡織纖維
663,4526,東台,2003-09-15,上市,電機機械
664,4532,瑞智,2003-08-04,上市,電機機械
665,4536,拓凱,2013-10-09,上市,運動休閒
666,4540,全球傳動,2018-08-15,上市,電機機械
667,4545,銘鈺,2016-01-06,上市,電子零組件業
668,4551,智伸科,2015-08-10,上市,汽車工業
669,4552,力達-KY,2016-07-20,上市,電機機械
670,4555,氣立,2015-10-27,上市,電機機械
671,4557,永新-KY,2015-10-12,上市,汽車工業
672,4560,強信-KY,2017-05-26,上市,電機機械
673,4562,穎漢,2017-08-21,上市,電機機械
674,4564,元翎,2019-03-07,上市,電機機械
675,4566,時碩工業,2018-02-05,上市,電機機械
676,4569,六方科-KY,2023-07-31,上市,汽車工業
677,4571,鈞興-KY,2019-09-17,上市,電機機械
678,4572,駐龍,2019-09-10,上市,電機機械
679,4576,大銀微系統,2019-09-04,上市,電機機械
680,4581,光隆精密-KY,2020-03-09,上市,汽車工業
681,4583,台灣精銳,2022-05-09,上市,電機機械
682,4588,玖鼎電力,2024-01-29,上市,其他電子業
683,4720,德淵,2015-06-24,上市,化學工業
684,4722,國精化,2012-08-15,上市,化學工業
685,4736,泰博,2023-12-22,上市,生技醫療業
686,4737,華廣,2010-12-23,上市,生技醫療業
687,4739,康普,2017-09-08,上市,化學工業
688,4746,台耀,2011-03-01,上市,生技醫療業
689,4755,三福化,2013-11-27,上市,化學工業
690,4763,材料-KY,2015-11-09,上市,化學工業
691,4764,雙鍵,2018-01-04,上市,化學工業
692,4766,南寶,2018-11-28,上市,化學工業
693,4770,上品,2021-12-22,上市,化學工業
694,4771,望隼,2024-03-18,上市,生技醫療業
695,4807,日成-KY,2017-06-26,上市,貿易百貨業
696,4904,遠傳,2005-08-24,上市,通信網路業
697,4906,正文,2003-06-30,上市,通信網路業
698,4912,聯德控股-KY,2015-05-21,上市,電子零組件業
699,4915,致伸,2012-10-05,上市,電子零組件業
700,4916,事欣科,2013-11-21,上市,電腦及週邊設備業
701,4919,新唐,2010-09-27,上市,半導體業
702,4927,泰鼎-KY,2015-09-08,上市,電子零組件業
703,4930,燦星網,2010-06-21,上市,電器電纜
704,4934,太極,2010-03-10,上市,光電業
705,4935,茂林-KY,2011-07-28,上市,光電業
706,4938,和碩,2010-06-24,上市,電腦及週邊設備業
707,4942,嘉彰,2011-06-27,上市,光電業
708,4943,康控-KY,2016-11-11,上市,電子零組件業
709,4952,凌通,2011-11-01,上市,半導體業
710,4956,光鋐,2011-10-24,上市,光電業
711,4958,臻鼎-KY,2011-12-26,上市,電子零組件業
712,4960,誠美材,2011-10-24,上市,光電業
713,4961,天鈺,2018-10-17,上市,半導體業
714,4967,十銓,2019-01-14,上市,半導體業
715,4968,立積,2015-11-13,上市,半導體業
716,4976,佳凌,2012-11-20,上市,光電業
717,4977,眾達-KY,2013-11-20,上市,通信網路業
718,4989,榮科,2018-06-28,上市,電子零組件業
719,4994,傳奇,2013-12-25,上市,資訊服務業
720,4999,鑫禾,2013-06-03,上市,電子零組件業
721,5007,三星,2011-09-16,上市,鋼鐵工業
722,5203,訊連,2004-09-27,上市,資訊服務業
723,5215,科嘉-KY,2011-12-26,上市,電腦及週邊設備業
724,5222,全訊,2021-10-25,上市,半導體業
725,5225,東科-KY,2012-11-05,上市,其他電子業
726,5234,達興材料,2012-07-16,上市,光電業
727,5243,乙盛-KY,2013-11-25,上市,光電業
728,5244,弘凱,2022-01-19,上市,光電業
729,5258,虹堡,2016-12-30,上市,電腦及週邊設備業
730,5269,祥碩,2012-12-12,上市,半導體業
731,5283,禾聯碩,2019-05-24,上市,電器電纜
732,5284,jpp-KY,2017-03-09,上市,其他業
733,5285,界霖,2014-02-25,上市,半導體業
734,5288,豐祥-KY,2014-09-25,上市,電機機械
735,5292,華懋,2020-01-07,上市,綠能環保
736,5306,桂盟,2022-03-08,上市,運動休閒
737,5388,中磊,2007-12-03,上市,通信網路業
738,5434,崇越,2003-08-25,上市,電子通路業
739,5469,瀚宇博,2003-08-25,上市,電子零組件業
740,5471,松翰,2003-08-25,上市,半導體業
741,5484,慧友,2003-08-25,上市,光電業
742,5515,建國,2003-10-06,上市,建材營造業
743,5519,隆大,2014-02-10,上市,建材營造業
744,5521,工信,2012-12-18,上市,建材營造業
745,5522,遠雄,2007-08-06,上市,建材營造業
746,5525,順天,2004-11-26,上市,建材營造業
747,5531,鄉林,2005-01-31,上市,建材營造業
748,5533,皇鼎,2008-04-30,上市,建材營造業
749,5534,長虹,2004-05-24,上市,建材營造業
750,5538,東明-KY,2013-12-16,上市,鋼鐵工業
751,5546,永固-KY,2020-05-20,上市,建材營造業
752,5607,遠雄港,2004-12-02,上市,航運業
753,5608,四維航,2003-08-25,上市,航運業
754,5706,鳳凰,2011-10-21,上市,觀光餐旅
755,5871,中租-KY,2011-12-13,上市,其他業
756,5876,上海商銀,2018-10-19,上市,金融保險業
757,5880,合庫金,2011-12-01,上市,金融保險業
758,5906,台南-KY,2011-10-24,上市,貿易百貨業
759,5907,大洋-KY,2012-06-06,上市,貿易百貨業
760,6005,群益證,2005-11-21,上市,金融保險業
761,6024,群益期,2017-10-16,上市,金融保險業
762,6108,競國,2008-12-30,上市,電子零組件業
763,6112,邁達特,2003-08-04,上市,資訊服務業
764,6115,鎰勝,2004-07-19,上市,電子零組件業
765,6116,彩晶,2004-09-06,上市,光電業
766,6117,迎廣,2003-08-25,上市,電腦及週邊設備業
767,6120,達運,2006-09-13,上市,光電業
768,6128,上福,2003-06-16,上市,電腦及週邊設備業
769,6133,金橋,2003-08-15,上市,電子零組件業
770,6136,富爾特,2003-08-25,上市,通信網路業
771,6139,亞翔,2003-08-25,上市,其他電子業
772,6141,柏承,2003-10-22,上市,電子零組件業
773,6142,友勁,2003-08-04,上市,通信網路業
774,6152,百一,2009-12-08,上市,通信網路業
775,6153,嘉聯益,2008-01-21,上市,電子零組件業
776,6155,鈞寶,2006-08-18,上市,電子零組件業
777,6164,華興,2008-10-21,上市,光電業
778,6165,浪凡,2003-08-04,上市,數位雲端
779,6166,凌華,2004-11-08,上市,電腦及週邊設備業
780,6168,宏齊,2003-08-25,上市,光電業
781,6176,瑞儀,2007-05-15,上市,光電業
782,6177,達麗,2013-08-01,上市,建材營造業
783,6183,關貿,2011-12-01,上市,資訊服務業
784,6184,大豐電,2005-02-15,上市,其他業
785,6189,豐藝,2004-05-24,上市,電子通路業
786,6191,精成科,2007-10-19,上市,電子零組件業
787,6192,巨路,2004-09-27,上市,其他電子業
788,6196,帆宣,2004-05-24,上市,其他電子業
789,6197,佳必琪,2004-11-08,上市,電子零組件業
790,6201,亞弘電,2004-09-27,上市,其他電子業
791,6202,盛群,2004-09-27,上市,半導體業
792,6205,詮欣,2008-01-21,上市,電子零組件業
793,6206,飛捷,2004-08-03,上市,電腦及週邊設備業
794,6209,今國光,2004-11-08,上市,光電業
795,6213,聯茂,2008-01-21,上市,電子零組件業
796,6214,精誠,2010-12-30,上市,資訊服務業
797,6215,和椿,2007-12-31,上市,其他電子業
798,6216,居易,2004-09-27,上市,通信網路業
799,6224,聚鼎,2009-09-17,上市,電子零組件業
800,6225,天瀚,2004-09-27,上市,光電業
801,6226,光鼎,2008-11-10,上市,光電業
802,6230,尼得科超眾,2010-09-16,上市,電腦及週邊設備業
803,6235,華孚,2004-08-23,上市,電腦及週邊設備業
804,6239,力成,2004-11-08,上市,半導體業
805,6243,迅杰,2009-12-17,上市,半導體業
806,6257,矽格,2003-08-25,上市,半導體業
807,6269,台郡,2003-09-23,上市,電子零組件業
808,6271,同欣電,2007-11-16,上市,半導體業
809,6277,宏正,2003-10-30,上市,電腦及週邊設備業
810,6278,台表科,2010-08-24,上市,光電業
811,6281,全國電,2005-12-08,上市,電子通路業
812,6282,康舒,2003-09-08,上市,電子零組件業
813,6283,淳安,2008-01-21,上市,其他電子業
814,6285,啟碁,2003-09-22,上市,通信網路業
815,6288,聯嘉,2018-05-09,上市,汽車工業
816,6405,悅城,2013-11-28,上市,光電業
817,6409,旭隼,2014-03-31,上市,其他電子業
818,6412,群電,2013-11-08,上市,電子零組件業
819,6414,樺漢,2014-03-28,上市,電腦及週邊設備業
820,6415,矽力*-KY,2013-12-12,上市,半導體業
821,6416,瑞祺電通,2018-04-16,上市,通信網路業
822,6426,統新,2021-03-24,上市,通信網路業
823,6431,光麗-KY,2014-12-04,上市,生技醫療業
824,6438,迅得,2021-01-19,上市,其他電子業
825,6442,光聖,2015-07-14,上市,通信網路業
826,6443,元晶,2015-10-01,上市,光電業
827,6446,藥華藥,2024-01-25,上市,生技醫療業
828,6449,鈺邦,2014-12-09,上市,電子零組件業
829,6451,訊芯-KY,2015-01-26,上市,半導體業
830,6456,GIS-KY,2015-06-12,上市,光電業
831,6464,台數科,2015-12-16,上市,其他業
832,6472,保瑞,2023-12-19,上市,生技醫療業
833,6477,安集,2016-06-21,上市,光電業
834,6491,晶碩,2019-10-07,上市,生技醫療業
835,6504,南六,2013-05-07,上市,其他業
836,6505,台塑化,2003-12-26,上市,油電燃氣業
837,6515,穎崴,2021-01-20,上市,半導體業
838,6525,捷敏-KY,2016-04-12,上市,半導體業
839,6526,達發,2023-10-19,上市,半導體業
840,6531,愛普*,2016-05-31,上市,半導體業
841,6533,晶心科,2017-03-14,上市,半導體業
842,6541,泰福-KY,2017-10-26,上市,生技醫療業
843,6550,北極星藥業-KY,2022-06-06,上市,生技醫療業
844,6552,易華電,2017-01-10,上市,半導體業
845,6558,興能高,2018-12-05,上市,其他電子業
846,6573,虹揚-KY,2017-09-26,上市,半導體業
847,6579,研揚,2017-08-21,上市,電腦及週邊設備業
848,6581,鋼聯,2018-01-30,上市,綠能環保
849,6582,申豐,2017-06-14,上市,橡膠工業
850,6585,鼎基,2022-05-20,上市,其他業
851,6591,動力-KY,2017-12-28,上市,電腦及週邊設備業
852,6592,和潤企業,2019-12-09,上市,其他業
853,6598,ABC-KY,2020-06-09,上市,生技醫療業
854,6605,帝寶,2004-03-17,上市,汽車工業
855,6606,建德工業,2023-03-24,上市,電機機械
856,6625,必應,2018-02-07,上市,其他業
857,6641,基士德-KY,2018-09-21,上市,綠能環保
858,6655,科定,2018-11-28,上市,其他業
859,6657,華安,2023-06-12,上市,生技醫療業
860,6658,聯策,2023-11-02,上市,其他電子業
861,6666,羅麗芬-KY,2018-11-19,上市,生技醫療業
862,6668,中揚光,2018-12-12,上市,光電業
863,6669,緯穎,2019-03-27,上市,電腦及週邊設備業
864,6670,復盛應用,2018-12-18,上市,運動休閒
865,6671,三能-KY,2018-12-11,上市,居家生活
866,6672,騰輝電子-KY,2019-04-17,上市,電子零組件業
867,6674,鋐寶科技,2018-11-28,上市,通信網路業
868,6689,伊雲谷,2022-09-13,上市,數位雲端
869,6691,洋基工程,2022-01-03,上市,其他電子業
870,6695,芯鼎,2022-11-04,上市,半導體業
871,6698,旭暉應材,2019-11-25,上市,其他電子業
872,6706,惠特,2019-12-19,上市,光電業
873,6715,嘉基,2019-12-12,上市,電子零組件業
874,6719,力智,2022-01-13,上市,半導體業
875,6742,澤米,2023-12-05,上市,光電業
876,6743,安普新,2020-12-14,上市,其他電子業
877,6753,龍德造船,2023-03-10,上市,航運業
878,6754,匯僑設計,2020-08-25,上市,居家生活
879,6756,威鋒電子,2020-12-24,上市,半導體業
880,6768,志強-KY,2021-04-22,上市,運動休閒
881,6770,力積電,2021-12-06,上市,半導體業
882,6776,展碁國際,2021-03-31,上市,電子通路業
883,6781,AES-KY,2021-03-22,上市,電子零組件業
884,6782,視陽,2022-11-28,上市,生技醫療業
885,6789,采鈺,2022-06-30,上市,半導體業
886,6790,永豐實,2021-09-29,上市,造紙工業
887,6792,詠業,2021-12-08,上市,通信網路業
888,6796,晉弘,2022-06-01,上市,生技醫療業
889,6799,來頡,2022-05-12,上市,半導體業
890,6805,富世達,2023-11-09,上市,電子零組件業
891,6806,森崴能源,2021-11-15,上市,綠能環保
892,6807,峰源-KY,2022-04-25,上市,居家生活
893,6830,汎銓,2022-08-31,上市,其他電子業
894,6834,天二科技,2022-09-01,上市,電子零組件業
895,6835,圓裕,2022-11-10,上市,電子零組件業
896,6861,睿生光電,2023-03-27,上市,生技醫療業
897,6863,永道-KY,2023-03-21,上市,通信網路業
898,6901,鑽石投資,2023-09-19,上市,其他業
899,6906,現觀科,2024-01-15,上市,數位雲端
900,6916,華凌,2023-12-05,上市,光電業
901,6933,AMAX-KY,2023-11-08,上市,電腦及週邊設備業
902,6937,天虹,2023-12-12,上市,半導體業
903,8011,台通,2011-09-19,上市,通信網路業
904,8016,矽創,2003-12-25,上市,半導體業
905,8021,尖點,2008-01-21,上市,其他電子業
906,8028,昇陽半導體,2018-07-10,上市,半導體業
907,8033,雷虎,2007-06-21,上市,其他業
908,8039,台虹,2009-12-17,上市,電子零組件業
909,8046,南電,2006-04-07,上市,電子零組件業
910,8070,長華*,2007-12-31,上市,電子通路業
911,8072,陞泰,2005-08-19,上市,電子通路業
912,8081,致新,2008-12-30,上市,半導體業
913,8101,華冠,2004-07-01,上市,通信網路業
914,8103,瀚荃,2009-09-29,上市,電子零組件業
915,8104,錸寶,2019-01-17,上市,光電業
916,8105,凌巨,2006-12-27,上市,光電業
917,8110,華東,2007-10-31,上市,半導體業
918,8112,至上,2007-12-31,上市,電子通路業
919,8114,振樺電,2012-11-26,上市,電腦及週邊設備業
920,8131,福懋科,2007-11-29,上市,半導體業
921,8150,南茂,2014-04-11,上市,半導體業
922,8163,達方,2007-11-28,上市,電腦及週邊設備業
923,8201,無敵,2007-10-29,上市,其他電子業
924,8210,勤誠,2011-12-01,上市,電腦及週邊設備業
925,8213,志超,2009-12-25,上市,電子零組件業
926,8215,明基材,2010-11-12,上市,光電業
927,8222,寶一,2015-01-27,上市,電機機械
928,8249,菱光,2005-05-17,上市,電子零組件業
929,8261,富鼎,2009-12-11,上市,半導體業
930,8271,宇瞻,2010-12-29,上市,半導體業
931,8341,日友,2015-03-23,上市,綠能環保
932,8367,建新國際,2018-09-12,上市,航運業
933,8374,羅昇,2008-12-25,上市,電機機械
934,8404,百和興業-KY,2011-05-18,上市,其他業
935,8411,福貞-KY,2011-11-01,上市,其他業
936,8422,可寧衛,2011-10-05,上市,綠能環保
937,8429,金麗-KY,2012-12-20,上市,貿易百貨業
938,8438,昶昕,2022-03-11,上市,綠能環保
939,8442,威宏-KY,2016-11-08,上市,其他業
940,8443,阿瘦,2014-09-15,上市,貿易百貨業
941,8454,富邦媒,2014-12-19,上市,數位雲端
942,8462,柏文,2019-03-15,上市,運動休閒
943,8463,潤泰材,2015-07-13,上市,其他業
944,8464,億豐,2015-12-22,上市,居家生活
945,8466,美吉吉-KY,2016-11-01,上市,其他業
946,8467,波力-KY,2015-12-15,上市,運動休閒
947,8473,山林水,2016-09-08,上市,綠能環保
948,8476,台境,2023-10-31,上市,綠能環保
949,8478,東哥遊艇,2017-12-11,上市,運動休閒
950,8481,政伸,2017-02-24,上市,其他業
951,8482,商億-KY,2018-08-15,上市,居家生活
952,8488,吉源-KY,2016-12-13,上市,其他業
953,8499,鼎炫-KY,2017-11-24,上市,其他電子業
954,8926,台汽電,2003-08-25,上市,油電燃氣業
955,8940,新天地,2009-05-15,上市,觀光餐旅
956,8996,高力,2014-02-14,上市,電機機械
957,9802,鈺齊-KY,2012-10-18,上市,運動休閒
958,9902,台火,1964-07-14,上市,其他業
959,9904,寶成,1990-01-19,上市,運動休閒
960,9905,大華,1990-08-08,上市,其他業
961,9906,欣巴巴,1990-12-15,上市,建材營造業
962,9907,統一實,1991-01-29,上市,其他業
963,9908,大台北,1991-02-06,上市,油電燃氣業
964,9910,豐泰,1992-02-18,上市,運動休閒
965,9911,櫻花,1992-07-16,上市,居家生活
966,9912,偉聯,1992-08-08,上市,電腦及週邊設備業
967,9914,美利達,1992-09-30,上市,運動休閒
968,9917,中保科,1993-12-08,上市,其他業
969,9918,欣天然,1994-04-26,上市,油電燃氣業
970,9919,康那香,1994-11-04,上市,其他業
971,9921,巨大,1994-12-29,上市,運動休閒
972,9924,福興,1995-03-15,上市,居家生活
973,9925,新保,1995-12-09,上市,其他業
974,9926,新海,1998-04-08,上市,油電燃氣業
975,9927,泰銘,1999-03-12,上市,其他業
976,9928,中視,1999-08-09,上市,其他業
977,9929,秋雨,1999-06-28,上市,其他業
978,9930,中聯資源,1999-11-22,上市,綠能環保
979,9931,欣高,2000-03-21,上市,油電燃氣業
980,9933,中鼎,1993-05-28,上市,其他業
981,9934,成霖,2000-09-11,上市,居家生活
982,9935,慶豐富,2000-09-11,上市,居家生活
983,9937,全國,2000-09-11,上市,油電燃氣業
984,9938,百和,2001-01-12,上市,其他業
985,9939,宏全,2001-03-02,上市,其他業
986,9940,信義,2001-09-17,上市,其他業
987,9941,裕融,2001-09-17,上市,其他業
988,9942,茂順,2002-01-28,上市,其他業
989,9943,好樂迪,2002-08-26,上市,觀光餐旅
990,9944,新麗,2002-08-26,上市,其他業
991,9945,潤泰新,1992-04-30,上市,其他業
992,9946,三發地產,2013-09-17,上市,建材營造業
993,9955,佳龍,2008-01-21,上市,綠能環保
994,9958,世紀鋼,2008-03-12,上市,鋼鐵工業
37604,2254,巨鎧精密-創,2023-10-20,上市臺灣創新板,汽車工業
37605,2258,鴻華先進-創,2023-11-20,上市臺灣創新板,汽車工業
37606,2432,倚天酷碁-創,2023-05-31,上市臺灣創新板,電腦及週邊設備業
37607,6534,正瀚-創,2023-12-21,上市臺灣創新板,生技醫療業
37608,6645,金萬林-創,2023-12-21,上市臺灣創新板,生技醫療業
37609,6757,台灣虎航-創,2023-08-15,上市臺灣創新板,航運業
37610,6854,錼創科技-KY創,2022-08-18,上市臺灣創新板,半導體業
37611,6869,雲豹能源-創,2023-03-14,上市臺灣創新板,綠能環保
37612,6873,泓德能源-創,2023-03-06,上市臺灣創新板,綠能環保
37613,6902,走著瞧-創,2023-07-13,上市臺灣創新板,數位雲端
37614,6949,沛爾生醫-創,2024-03-08,上市臺灣創新板,生技醫療業
37615,8162,微矽電子-創,2024-03-07,上市臺灣創新板,半導體業
37616,8487,愛爾達-創,2024-03-26,上市臺灣創新板,數位雲端
